IyBEcl9uYfg,IyBEcl9uYfg,0
BWim8jnuclo,BWim8jnuclo,0
al5P4oRKbb4,al5P4oRKbb4,0
LZddGSbTsek,LZddGSbTsek,0
e-nzz-f5SiM,e-nzz-f5SiM,0
uxi4Tmqz5w4,uxi4Tmqz5w4,0
Cam2EI_nft8,Cam2EI_nft8,0
HpgvJQqu6A4,HpgvJQqu6A4,0
TLloBA6kZck,TLloBA6kZck,0
ZmYlVukuR-w,ZmYlVukuR-w,0
xL8SVoYTxk0,xL8SVoYTxk0,0
7cBYc4lfK9s,7cBYc4lfK9s,0
N5FQn0w28kA,N5FQn0w28kA,0
-tN6S51EHHY,-tN6S51EHHY,0
S_SOZr2araI,S_SOZr2araI,0
I3U1OVorpFE,I3U1OVorpFE,0
Ol2CkC4QAb4,Ol2CkC4QAb4,0
c12xxypd8kY,c12xxypd8kY,0
GLGfF9UpTe0,GLGfF9UpTe0,0
COPqIbBdH5g,COPqIbBdH5g,0
duMw4_dz1T8,duMw4_dz1T8,0
y-GSmhui2s0,y-GSmhui2s0,0
zDZ6Z9NTVak,zDZ6Z9NTVak,0
LLCCDONLWtk,LLCCDONLWtk,0
dt2YMv859Do,dt2YMv859Do,0
6XDjA9d_05M,6XDjA9d_05M,0
B7kmf38WlEY,B7kmf38WlEY,0
BxOBCw5-fV0,BxOBCw5-fV0,0
8M6RA5Zmiqk,8M6RA5Zmiqk,0
33km47Zdg-Q,33km47Zdg-Q,0
NEsDXbD4r0g,NEsDXbD4r0g,0
AYSOD014IJ8,AYSOD014IJ8,0
3ZPVMuV66ls,3ZPVMuV66ls,0
HdY7szQaaD0,HdY7szQaaD0,0
lfg4rHQ99oE,lfg4rHQ99oE,0
_WOq3MVgekg,_WOq3MVgekg,0
bXJmRct_9Gs,bXJmRct_9Gs,0
dLeKN8oK3Jk,dLeKN8oK3Jk,0
mFaD2HygTbE,mFaD2HygTbE,0
FqXG45XMAv8,FqXG45XMAv8,0
LYiQkI6XhIE,LYiQkI6XhIE,0
Xh99-uL-Qw0,Xh99-uL-Qw0,0
94UBmrRzx0c,94UBmrRzx0c,0
lNxXzhSNEiA,lNxXzhSNEiA,0
Ja3prOKZQrA,Ja3prOKZQrA,0
HNrbqXy092Q,HNrbqXy092Q,0
s4bjYzolQSc,s4bjYzolQSc,0
KOZdwX5U9ik,KOZdwX5U9ik,0
eDp8kzrcwiY,eDp8kzrcwiY,0