1,"ハリウッドザコシショウのものまね５０連発（1/3）","IyBEcl9uYfg",0,"2019-11-24 18:13:53","2019-11-24 18:13:53"
2,"ハリウッドザコシショウのものまね５０連発（2/3）","BWim8jnuclo",0,"2019-11-24 18:13:53","2019-11-24 18:13:53"
3,"ハリウッドザコシショウのものまね５０連発（3/3）","al5P4oRKbb4",0,"2019-11-24 18:13:53","2019-11-24 18:13:53"
4,"ハリウッドザコシショウのものまね３０連発SEASON③（1/2）","LZddGSbTsek",0,"2019-11-24 18:13:53","2019-11-24 18:13:53"
5,"ハリウッドザコシショウのものまね３０連発SEASON③（2/2）","e-nzz-f5SiM",0,"2019-11-24 18:13:53","2019-11-24 18:13:53"
6,"ハリウッドザコシショウのものまね３０連発SEASON②（1/2）","uxi4Tmqz5w4",0,"2019-11-24 18:13:53","2019-11-24 18:13:53"
7,"ハリウッドザコシショウのものまね３０連発SEASON②（2/2）","Cam2EI_nft8",0,"2019-11-24 18:13:53","2019-11-24 18:13:53"
8,"ハリウッドザコシショウのものまね３０連発SEASON⑤-1","HpgvJQqu6A4",0,"2019-11-24 18:13:53","2019-11-24 18:13:53"
9,"ハリウッドザコシショウのものまね３０連発SEASON⑤-2","TLloBA6kZck",0,"2019-11-24 18:13:53","2019-11-24 18:13:53"
10,"ハリウッドザコシショウのものまね１０連発SEASON⑤-3","ZmYlVukuR-w",0,"2019-11-24 18:13:53","2019-11-24 18:13:53"
11,"ハリウッドザコシショウのものまね３０連発SEASON⑥-1","xL8SVoYTxk0",0,"2019-11-24 18:13:53","2019-11-24 18:13:53"
12,"ハリウッドザコシショウのものまね２０連発SEASON⑦-3","7cBYc4lfK9s",0,"2019-11-24 18:13:53","2019-11-24 18:13:53"
13,"ハリウッドザコシショウのものまね9連発","N5FQn0w28kA",0,"2019-11-24 18:13:53","2019-11-24 18:13:53"
14,"ハリウッドザコシショウのものまね10連発","-tN6S51EHHY",0,"2019-11-24 18:13:53","2019-11-24 18:13:53"
15,"ハリウッドザコシショウのものまね7連発","S_SOZr2araI",0,"2019-11-24 18:13:53","2019-11-24 18:13:53"
16,"ハリウッドザコシショウのものまね6連発","I3U1OVorpFE",0,"2019-11-24 18:13:53","2019-11-24 18:13:53"
17,"ハリウッドザコシショウのものまね8連発","Ol2CkC4QAb4",0,"2019-11-24 18:13:53","2019-11-24 18:13:53"
18,"ハリウッドザコシショウのものまね３０連発SEASON⑨-1ハイライト","c12xxypd8kY",0,"2019-11-24 18:13:53","2019-11-24 18:13:53"
19,"ハリウッドザコシショウのものまね３０連発SEASON⑨-2ハイライト","GLGfF9UpTe0",0,"2019-11-24 18:13:53","2019-11-24 18:13:53"
20,"ハリウッドザコシショウのものまね6連発","COPqIbBdH5g",0,"2019-11-24 18:13:53","2019-11-24 18:13:53"
21,"ハリウッドザコシショウのものまね9連発","duMw4_dz1T8",0,"2019-11-24 18:13:53","2019-11-24 18:13:53"
22,"ハリウッドザコシショウのものまね３０連発SEASON⑦-1","y-GSmhui2s0",0,"2019-11-24 18:13:53","2019-11-24 18:13:53"
23,"ハリウッドザコシショウのものまね３０連発SEASON⑦-2","zDZ6Z9NTVak",0,"2019-11-24 18:13:53","2019-11-24 18:13:53"
24,"ハリウッドザコシショウのものまね３０連発SEASON⑥-2","LLCCDONLWtk",0,"2019-11-24 18:13:53","2019-11-24 18:13:53"
25,"ハリウッドザコシショウのものまね３０連発SEASON⑧-2","dt2YMv859Do",0,"2019-11-24 18:13:53","2019-11-24 18:13:53"
26,"ハリウッドザコシショウのものまね３０連発SEASON⑧-1","6XDjA9d_05M",0,"2019-11-24 18:13:53","2019-11-24 18:13:53"
27,"ハリウッドザコシショウのものまね１００連発ライブSEASON①","B7kmf38WlEY",0,"2019-11-24 18:13:53","2019-11-24 18:13:53"
28,"ハリウッドザコシショウのものまね１００連発ライブSEASON②","BxOBCw5-fV0",0,"2019-11-24 18:13:53","2019-11-24 18:13:53"
29,"ハリウッドザコシショウのものまね大連発（1/2）","8M6RA5Zmiqk",0,"2019-11-24 18:13:53","2019-11-24 18:13:53"
30,"ハリウッドザコシショウのものまね9連発","33km47Zdg-Q",0,"2019-11-24 18:13:53","2019-11-24 18:13:53"
31,"ハリウッドザコシショウのものまね11連発","NEsDXbD4r0g",0,"2019-11-24 18:13:53","2019-11-24 18:13:53"
32,"ハリウッドザコシショウのものまね11連発","AYSOD014IJ8",0,"2019-11-24 18:13:53","2019-11-24 18:13:53"
33,"ハリウッドザコシショウのものまね大連発（2/2）","3ZPVMuV66ls",0,"2019-11-24 18:13:53","2019-11-24 18:13:53"
34,"ハリウッドザコシショウのものまね10連発","HdY7szQaaD0",0,"2019-11-24 18:13:53","2019-11-24 18:13:53"
35,"初期のハリウッドザコシショウのものまね20連発","lfg4rHQ99oE",0,"2019-11-24 18:13:53","2019-11-24 18:13:53"
36,"ハリウッドザコシショウのものまね5連発","_WOq3MVgekg",0,"2019-11-24 18:13:53","2019-11-24 18:13:53"
37,"ハリウッドザコシショウのものまね8連発","bXJmRct_9Gs",0,"2019-11-24 18:13:53","2019-11-24 18:13:53"
38,"ハリウッドザコシショウのものまね10連発","dLeKN8oK3Jk",0,"2019-11-24 18:13:53","2019-11-24 18:13:53"
39,"ハリウッドザコシショウのものまね7連発","mFaD2HygTbE",0,"2019-11-24 18:13:53","2019-11-24 18:13:53"
40,"ハリウッドザコシショウのものまね10連発","FqXG45XMAv8",0,"2019-11-24 18:13:53","2019-11-24 18:13:53"
41,"ハリウッドザコシショウのものまね7連発","LYiQkI6XhIE",0,"2019-11-24 18:13:53","2019-11-24 18:13:53"
42,"ハリウッドザコシショウのものまね7連発","Xh99-uL-Qw0",0,"2019-11-24 18:13:53","2019-11-24 18:13:53"
43,"ハリウッドザコシショウのものまね6連発","94UBmrRzx0c",0,"2019-11-24 18:13:53","2019-11-24 18:13:53"
44,"ハリウッドザコシショウのものまね9連発","lNxXzhSNEiA",0,"2019-11-24 18:13:53","2019-11-24 18:13:53"
45,"ハリウッドザコシショウのものまね３０連発SEASON④（1/2）","Ja3prOKZQrA",0,"2019-11-24 18:13:53","2019-11-24 18:13:53"
46,"ハリウッドザコシショウのものまね8連発","HNrbqXy092Q",0,"2019-11-24 18:13:53","2019-11-24 18:13:53"
47,"ハリウッドザコシショウのものまね７連発","s4bjYzolQSc",0,"2019-11-24 18:13:53","2019-11-24 18:13:53"
48,"ハリウッドザコシショウのものまね6連発","KOZdwX5U9ik",0,"2019-11-24 18:13:53","2019-11-24 18:13:53"
49,"ハリウッドザコシショウのものまね３０連発SEASON④（2/2）","eDp8kzrcwiY",0,"2019-11-24 18:13:53","2019-11-24 18:13:53"
